{"cameraMode":{"drawMode":0,"name":"Shaded","section":"Shading Mode"},"sceneLighting":true,"audioPlay":false,"sceneViewState":{"m_AlwaysRefresh":false,"showFog":true,"showSkybox":true,"showFlares":true,"showImageEffects":true,"showParticleSystems":true,"showVisualEffectGraphs":true,"m_FxEnabled":true},"in2DMode":false,"pivot":{"x":-1.0055949687957764,"y":0.7736615538597107,"z":1.4077695608139039},"rotation":{"x":-0.03719358891248703,"y":0.8052480220794678,"z":0.050797782838344577,"w":0.5895888209342957},"size":0.08660255372524262,"orthographic":false}